ID,Auteur(s),Titre,Date de création,Organisme,Région ,couleur,"Avec typo
ou sans typo",Style de typo 
1,"ATELIER DE CRÉATION GRAPHIQUE, Pierre BERNARD",Affiche Attention Travaux,1996,Musée national d'art moderne / Centre de création industrielle,Paris,#F0602F,Oui,Sans serif
2,"ATELIER DE CRÉATION GRAPHIQUE, Pierre BERNARD",Affiche Pierre et Gilles,1996,Musée national d'art moderne / Centre de création industrielle,Paris,82796D,Oui,Serif
3,"ATELIER DE CRÉATION GRAPHIQUE, Pierre BERNARD",Affiche All's well that sells well,1997,Musée national d'art moderne / Centre de création industrielle,Paris,D9D8EC,Oui,Sans serif
4,"ATELIER DE CRÉATION GRAPHIQUE, Pierre BERNARD",Affiche SOS - Kinderdorf,1997,Musée national d'art moderne / Centre de création industrielle,Paris,7E7C76,Oui,Divers
5,ATELIER DE CRÉATION GRAPHIQUE,Affiche 3ème mois du graphisme d'Echirolles,1992,Musée national d'art moderne / Centre de création industrielle,Paris,303030,Oui,Sans serif
6,ATELIER TAMANOIR,Affiche Le tour 95,1995,Musée national d'art moderne / Centre de création industrielle,Paris,D8D87A,Oui ,Sans serif
7,Claude BAILLARGEON,Affiche La photographie,1997,Musée national d'art moderne / Centre de création industrielle,Paris,171717,Oui,Sans serif
8,André BALDINGER,Affiche Appel à candidatures,1993,Musée national d'art moderne / Centre de création industrielle,Paris,784831,Non ,Null
9,"Jean-Marc BALLÉE, Sylvain ENGUEHARD",Affiche Expo,1990,Musée national d'art moderne / Centre de création industrielle,Paris,D7D7D6,Oui,Sans serif
10,Jean-Marc BALLÉE,Affiche exposition,1991,Musée national d'art moderne / Centre de création industrielle,Paris,D7D7D6,Oui,Sans serif
11,Jean-Marc BALLÉE,"Affiche Planche du livret de l'exposition ""En quête d'objets"", Galerie des Enfants, au Centre Pompidou, de janvier à août 2000",1999,Musée national d'art moderne / Centre de création industrielle,Paris,D7D7D6,Non ,Null
12,"Ruedi BAUR (Rodolphe BAUR, dit), Félix MÜLLER",Affiche Les seringues,1995,Musée national d'art moderne / Centre de création industrielle,Paris,483131,Non ,Null
13,"Ruedi BAUR (Rodolphe BAUR, dit)",Affiche Mode d'emploi,1995,Musée national d'art moderne / Centre de création industrielle,Paris,F0F0F0,Oui,Sans serif
14,"Ruedi BAUR (Rodolphe BAUR, dit)",Affiche Tout près d'ici nos prisons,1995,Musée national d'art moderne / Centre de création industrielle,Paris,D5D748,Oui,Sans serif
15,"Ruedi BAUR (Rodolphe BAUR, dit)",Affiche Tout près d'ici nos prisons,1995,Musée national d'art moderne / Centre de création industrielle,Paris,D7BF2F,Oui,Sans serif
16,"Ruedi BAUR (Rodolphe BAUR, dit)",Affiche Editorial,1995,Musée national d'art moderne / Centre de création industrielle,Paris,D7BF2F,Oui,Sans serif
17,"Ruedi BAUR (Rodolphe BAUR, dit)",Affiche Points de vue,1995,Musée national d'art moderne / Centre de création industrielle,Paris,D7BF2F,Oui,Sans serif
18,"Ruedi BAUR (Rodolphe BAUR, dit)",Affiche L'observatoire,1995,Musée national d'art moderne / Centre de création industrielle,Paris,D7BF2F,Oui,Sans serif
19,"Ruedi BAUR (Rodolphe BAUR, dit)",Affiche Dire le droit,1995,Musée national d'art moderne / Centre de création industrielle,Paris,D7BF2F,Oui,Sans serif
20,"Ruedi BAUR (Rodolphe BAUR, dit)",Affiche La protection juridique des personnes détenues,1995,Musée national d'art moderne / Centre de création industrielle,Paris,D7BF2F,Oui,Sans serif
21,"Ruedi BAUR (Rodolphe BAUR, dit)",Affiche Les prisonniers ont des droits,1995,Musée national d'art moderne / Centre de création industrielle,Paris,F0F0F0,Oui,Sans serif
22,"Ruedi BAUR (Rodolphe BAUR, dit)",Affiche La peine de mort,1995,Musée national d'art moderne / Centre de création industrielle,Paris,F0F0F0,Oui,Sans serif
23,"Ruedi BAUR (Rodolphe BAUR, dit)",Affiche La torture,1995,Musée national d'art moderne / Centre de création industrielle,Paris,F0F0F0,Oui,Sans serif
24,"Ruedi BAUR (Rodolphe BAUR, dit)",Affiche Les mauvais traitements,1995,Musée national d'art moderne / Centre de création industrielle,Paris,D7D7D6,Oui,Sans serif
25,"Ruedi BAUR (Rodolphe BAUR, dit)",Affiche Les suicides,1995,Musée national d'art moderne / Centre de création industrielle,Paris,F0F0F0,Oui,Sans serif
26,"Ruedi BAUR (Rodolphe BAUR, dit)",Affiche Les femmes,1995,Musée national d'art moderne / Centre de création industrielle,Paris,F0F0F0,Oui,Sans serif
27,"Ruedi BAUR (Rodolphe BAUR, dit)",Affiche Les mineurs,1995,Musée national d'art moderne / Centre de création industrielle,Paris,F0F0F0,Oui ,Sans serif
28,"Ruedi BAUR (Rodolphe BAUR, dit)",Affiche L'alimentation,1995,Musée national d'art moderne / Centre de création industrielle,Paris,F0F0F0,Oui,Sans serif
29,"Ruedi BAUR (Rodolphe BAUR, dit)",Affiche L'hygiène,1995,Musée national d'art moderne / Centre de création industrielle,Paris,F0F0F0,Oui,Sans serif
30,"Ruedi BAUR (Rodolphe BAUR, dit)",Affiche La santé,1995,Musée national d'art moderne / Centre de création industrielle,Paris,F0F0F0,Oui,Sans serif
31,"Ruedi BAUR (Rodolphe BAUR, dit)",Affiche Le sida,1995,Musée national d'art moderne / Centre de création industrielle,Paris,F0F0F0,Oui,Sans serif
32,"Ruedi BAUR (Rodolphe BAUR, dit)",Affiche La toxicomanie,1995,Musée national d'art moderne / Centre de création industrielle,Paris,F0F0F0,Oui ,Sans serif
33,"Ruedi BAUR (Rodolphe BAUR, dit)",Affiche La sexualité,1995,Musée national d'art moderne / Centre de création industrielle,Paris,F0F0F0,Oui ,Sans serif
34,"Ruedi BAUR (Rodolphe BAUR, dit)",Affiche Les liens familiaux,1995,Musée national d'art moderne / Centre de création industrielle,Paris,F0F0F0,Oui ,Sans serif
35,"Ruedi BAUR (Rodolphe BAUR, dit)",Affiche La garde à vue,1995,Musée national d'art moderne / Centre de création industrielle,Paris,F0F0F0,Oui ,Sans serif
36,"Ruedi BAUR (Rodolphe BAUR, dit)",Affiche Le droit de défense,1995,Musée national d'art moderne / Centre de création industrielle,Paris,F0F0F0,Oui,Sans serif
37,"Ruedi BAUR (Rodolphe BAUR, dit)",Affiche Les locaux,1995,Musée national d'art moderne / Centre de création industrielle,Paris,F0F0F0,Oui,Sans serif
38,"Ruedi BAUR (Rodolphe BAUR, dit)",Affiche La surpopulation,1995,Musée national d'art moderne / Centre de création industrielle,Paris,F0F0F0,Oui,Sans serif
39,"Ruedi BAUR (Rodolphe BAUR, dit)",Affiche Les régimes de détention,1995,Musée national d'art moderne / Centre de création industrielle,Paris,F0F0F0,Oui,Sans serif
40,"Ruedi BAUR (Rodolphe BAUR, dit)",Affiche L'isolement,1995,Musée national d'art moderne / Centre de création industrielle,Paris,F0F0F0,Oui ,Sans serif
41,"Ruedi BAUR (Rodolphe BAUR, dit)",Affiche Les sanctions disciplinaires,1995,Musée national d'art moderne / Centre de création industrielle,Paris,F0F0F0,Oui,Sans serif
42,"Ruedi BAUR (Rodolphe BAUR, dit)",Affiche Les mouvements de contestations,1995,Musée national d'art moderne / Centre de création industrielle,Paris,F0F0F0,Oui,Sans serif
43,"Ruedi BAUR (Rodolphe BAUR, dit)",Affiche Les surveillants,1995,Musée national d'art moderne / Centre de création industrielle,Paris,F0F0F0,Oui,Sans serif
44,"Ruedi BAUR (Rodolphe BAUR, dit)",Affiche Racisme et discriminations,1995,Musée national d'art moderne / Centre de création industrielle,Paris,D7D7D6,Oui,Sans serif
45,"Ruedi BAUR (Rodolphe BAUR, dit)",Affiche Le travail,1995,Musée national d'art moderne / Centre de création industrielle,Paris,D7D7D6,Oui ,Sans serif
46,"Ruedi BAUR (Rodolphe BAUR, dit)",Affiche La formation,1995,Musée national d'art moderne / Centre de création industrielle,Paris,F0F0F0,Oui,Sans serif
47,"Ruedi BAUR (Rodolphe BAUR, dit)",Affiche La culture,1995,Musée national d'art moderne / Centre de création industrielle,Paris,F0F0F0,Oui ,Sans serif
48,"Ruedi BAUR (Rodolphe BAUR, dit)",Affiche Témoignages,1995,Musée national d'art moderne / Centre de création industrielle,Paris,D7BF2F,Oui ,Sans serif
49,"Ruedi BAUR (Rodolphe BAUR, dit)",Affiche Complicités,1995,Musée national d'art moderne / Centre de création industrielle,Paris,D7BF2F,Oui ,Sans serif
50,"Ruedi BAUR (Rodolphe BAUR, dit)",Affiche Agir avec l'OIP,1995,Musée national d'art moderne / Centre de création industrielle,Paris,D7BF2F,Non ,Null
51,Polly BERTRAM,Affiche Mains et barreaux,1995,Musée national d'art moderne / Centre de création industrielle,Paris,F0F0F0,Oui,Sans serif
52,Julia BINFIELD,Affiche Networks & system management Olivetti,1993,Musée national d'art moderne / Centre de création industrielle,Paris,D7D7D6,Oui,Divers
53,Jean-Claude BLANCHARD,Affiche Mumia Abu-Jamal,1999,Musée national d'art moderne / Centre de création industrielle,Paris,494949,Oui,Sans serif
54,François BOISROND,Affiche pour la fête de la musique,1999,Centre national des arts plastiques/Fonds national d'art contemporain,Paris,D7D7D6,Oui ,Sans serif
55,François BOISROND,Affiche pour la fête de la musique,1999,Centre national des arts plastiques/Fonds national d'art contemporain,Paris,D7D7EC,Oui ,Sans serif
56,François BOISROND,Affiche pour la fête de la musique,1999,Centre national des arts plastiques/Fonds national d'art contemporain,Paris,D7D7D6,Oui ,Sans serif
57,François BOISROND,Affiche Etude pour la fête de la musique,1999,Centre national des arts plastiques/Fonds national d'art contemporain,Paris,F0F0F0,Oui,Divers
58,Michel BOUVET,Affiche pour la fête de la musique,1992,Centre national des arts plastiques/Fonds national d'art contemporain,Paris,D7D7D6,Oui,Divers
59,Michel BOUVET,Affiche pour la fête de la musique,1992,Centre national des arts plastiques/Fonds national d'art contemporain,Paris,F0F0F0,Oui,Sans serif
60,Michel BOUVET,Affiche pour la fête de la musique,1992,Centre national des arts plastiques/Fonds national d'art contemporain,Paris,EDEED7,Oui,Divers
61,Claire BRETECHER,Affiche pour la fête de la musique,1991,Centre national des arts plastiques/Fonds national d'art contemporain,Paris,D7D7D6,Non ,Null
62,"Neville BRODY, Pablo ROVALDO FLORES",Affiche Cactus,1995,Musée national d'art moderne / Centre de création industrielle,Paris,A7C179,Non ,Null
63,Sophie CALLE,Affiche Sans titre,1996,Centre national des arts plastiques/Fonds national d'art contemporain,Paris,#000000,Non ,Null
64,"CASA FACTORI, Laure MATERNATI",Affiche Mains,1995,Musée national d'art moderne / Centre de création industrielle,Paris,303030,Oui,Sans serif
65,Roman CIESLEWICZ,"Affiche Montluçon, la ville c'est vous",1990,Musée national d'art moderne / Centre de création industrielle,Paris,F0F0F0,Oui ,Sans serif
66,Roman CIESLEWICZ,Affiche JAZZZ,1990,Musée national d'art moderne / Centre de création industrielle,Paris,301919,Oui,Sans serif
67,Roman CIESLEWICZ,"Affiche TBBlues Rythm and Blues, Soul Music",1990,Musée national d'art moderne / Centre de création industrielle,Paris,F0F0F0,Oui ,Serif
68,Roman CIESLEWICZ,Affiche XXIV Ogolnopolska,1990,Musée national d'art moderne / Centre de création industrielle,Paris,1B0B0D,Oui,Divers
69,Roman CIESLEWICZ,Affiche 3èmes rencontres de recherche et d'innovation en psychiatrie,1990,Musée national d'art moderne / Centre de création industrielle,Paris,#000000,Oui ,Serif
70,Roman CIESLEWICZ,Affiche [Institut Polonais],1990,Musée de Grenoble,Paris,171717,Oui,Serif
71,Roman CIESLEWICZ,Affiche Roman Cieslewicz,1991,Musée national d'art moderne / Centre de création industrielle,Paris,F0F0F0,Oui,Sans serif
72,Roman CIESLEWICZ,Affiche Kamikaze,1991,Musée national d'art moderne / Centre de création industrielle,Paris,F0F0F0,Oui ,Sans serif
73,Roman CIESLEWICZ,Affiche Le vrai bonheur c'est d'avoir pour métier sa passion,1992,Musée national d'art moderne / Centre de création industrielle,Paris,171717,Oui,Sans serif
74,Roman CIESLEWICZ,Affiche Défense d'afficher. Affichistes de qualité,1992,Musée de Grenoble,Grenoble,D7D7D6,Oui,Sans serif
75,Roman CIESLEWICZ,Affiche Défense d'afficher - Affichistes de qualité,1992,Musée de Grenoble,Grenoble,C0C0C0,Oui,Sans serif
76,Roman CIESLEWICZ,Affiche Roman Cieslewicz posters & collages,1993,Musée national d'art moderne / Centre de création industrielle,Paris,F0F0F0,Oui,Serif
77,Roman CIESLEWICZ,Affiche Pierre Chareau Roman Cieslewicz Roger Tallon,1993,Musée national d'art moderne / Centre de création industrielle,Paris,171717,Oui,Serif
78,Roman CIESLEWICZ,"Pierre Chareau, Roman Cieslewicz, Roger Tallon",1993,Musée de Grenoble,Grenoble,D7D7D6,Oui,Sans serif
79,Roman CIESLEWICZ,"Exposition P. Chareau, R. Cieslewicz, R. Tallon, Centre Georges Pompidou",1993,Musée de Grenoble,Grenoble,D7D7D6,Oui ,Divers
80,Roman CIESLEWICZ,"Exposition P. Chareau, R. Cieslewicz, R. Tallon, Centre Georges Pompidou",1993,Musée de Grenoble,Grenoble,D5D8C1,Oui,Divers
81,Roman CIESLEWICZ,"Exposition P. Chareau, R. Cieslewicz, R. Tallon, Centre Georges Pompidou",1993,Musée de Grenoble,Grenoble,C0C0C0,Oui,Divers
82,Roman CIESLEWICZ,"Exposition P. Chareau, R. Cieslewicz, R. Tallon, Centre Georges Pompidou",1993,Musée de Grenoble,Grenoble,D7D7D6,Oui,Serif
83,Roman CIESLEWICZ,"Exposition P. Chareau, R. Cieslewicz, R. Tallon, Centre Georges Pompidou, ""30 ans d'images""",1993,Musée de Grenoble,Grenoble,D7D7D6,Oui,Serif
84,Roman CIESLEWICZ,"Exposition P. Chareau, R. Cieslewicz, R. Tallon, Centre Georges Pompidou, ""30 ans d'images""",1993,Musée de Grenoble,Grenoble,171717,Oui,Serif
85,Roman CIESLEWICZ,"Affiche Exposition P. Chareau, R. Cieslewicz, R. Tallon, Centre Georges Pompidou",1993,Musée de Grenoble,Grenoble,D7D7D6,Oui,Serif
86,Roman CIESLEWICZ,"Affiche Exposition P. Chareau, R. Cieslewicz, R. Tallon, Centre Georges Pompidou",1993,Musée de Grenoble,Grenoble,D7D7D6,Oui,Serif
87,Roman CIESLEWICZ,"Affiche Exposition P. Chareau, R. Cieslewicz, R. Tallon, Centre Georges Pompidou",1993,Musée de Grenoble,Grenoble,171717,Oui,Serif
88,Roman CIESLEWICZ,"Affiche Exposition P. Chareau, R. Cieslewicz, R. Tallon, Centre Georges Pompidou",1993,Musée de Grenoble,Grenoble,171717,Oui,Serif
89,Roman CIESLEWICZ,"Affiche Exposition P. Chareau, R. Cieslewicz, R. Tallon, Centre Georges Pompidou",1993,Musée de Grenoble,Grenoble,A53123,Oui,Serif
90,Roman CIESLEWICZ,"Affiche Exposition P. Chareau, R. Cieslewicz, R. Tallon, Centre Georges Pompidou",1993,Musée de Grenoble,Grenoble,171717,Oui,Serif
91,Roman CIESLEWICZ,"Logo Exposition P. Chareau, R. Cieslewicz, R. Tallon, Centre Georges Pompidou",1993,Musée de Grenoble,Grenoble,171717,Oui,Serif
92,Roman CIESLEWICZ,"Affiche Exposition P. Chareau, R. Cieslewicz, R. Tallon, Centre Georges Pompidou",1993,Musée de Grenoble,Grenoble,D7D7D6,Oui,Serif
93,Roman CIESLEWICZ,"Affiche Exposition P. Chareau, R. Cieslewicz, R. Tallon, Centre Georges Pompidou",1993,Musée de Grenoble,Grenoble,D7D7D6,Oui,Serif
94,Roman CIESLEWICZ,"Affiche Exposition P. Chareau, R. Cieslewicz, R. Tallon, Centre Georges Pompidou",1993,Musée de Grenoble,Grenoble,D7D7D6,Oui,Serif
95,Roman CIESLEWICZ,"Affiche Exposition P. Chareau, R. Cieslewicz, R. Tallon, Centre Georges Pompidou",1993,Musée de Grenoble,Grenoble,171717,Oui,Serif
96,Roman CIESLEWICZ,"Affiche Exposition P. Chareau, R. Cieslewicz, R. Tallon, Centre Georges Pompidou",1993,Musée de Grenoble,Grenoble,D7D7D6,Oui,Sans serif
97,Roman CIESLEWICZ,Affiche Amis protégez,1994,Musée national d'art moderne / Centre de création industrielle,Paris,FFFFFF,Oui,Sans serif
98,Roman CIESLEWICZ,Affiche Roman Cieslewicz Retrospektyva,1994,Musée national d'art moderne / Centre de création industrielle,Paris,#000000,Oui,Sans serif
99,Roman CIESLEWICZ,Roman Cieslewicz graphiste Centre Georges Pompidou,1994,Musée de Grenoble,Grenoble,D7D7D6,Non ,Null
100,Roman CIESLEWICZ,Affiche Le lit,1995,Musée national d'art moderne / Centre de création industrielle,Paris,5F3119,Oui,Sans serif
101,Claude CLOSKY,Affiche Il n'est pas 15 heures,1996,Centre national des arts plastiques/Fonds national d'art contemporain,Paris,5E6049,Oui,Divers
102,Pascal COLRAT,Affiche pour la fête de la musique,1993,Centre national des arts plastiques/Fonds national d'art contemporain,Paris,D7D7D6,Oui,Divers
103,Pascal COLRAT,Affiche pour la fête de la musique,1993,Centre national des arts plastiques/Fonds national d'art contemporain,Paris,F0F0F0,Oui,Sans serif
104,Pascal COLRAT,Affiche pour la fête de la musique,1993,Centre national des arts plastiques/Fonds national d'art contemporain,Paris,D7D7D6,Oui ,Divers
105,Robert COMBAS,Affiche pour la fête de la musique,1996,Centre national des arts plastiques/Fonds national d'art contemporain,Paris,F0F0F0,Oui,Divers
106,Robert COMBAS,Affiche pour la fête de la musique,1996,Centre national des arts plastiques/Fonds national d'art contemporain,Paris,F0F0F0,Oui ,Sans serif
107,Robert COMBAS,Affiche pour la fête de la musique,1996,Centre national des arts plastiques/Fonds national d'art contemporain,Paris,D7D7D6,Oui,Sans serif
108,Robert COMBAS,Affiche pour la fête de la musique,1996,Centre national des arts plastiques/Fonds national d'art contemporain,Paris,D7D7D6,Non ,Null
109,Jocelyn COTTENCIN,Identité graphique Etude pour la Célébration de l'an 2000,1997,Centre national des arts plastiques/Fonds national d'art contemporain,Paris,171717,Oui,Sans serif
110,Ronald CURCHOD,Affiche Le parvis 93'94 vingtième saison,1993,Musée national d'art moderne / Centre de création industrielle,Paris,141730,Oui,Sans serif
111,Ronald CURCHOD,Affiche Théâtre Garonne Saison 94'95,1994,Musée national d'art moderne / Centre de création industrielle,Paris,171717,#59281D,Sans serif
112,Ronald CURCHOD,Affiche Jeudi théâtre,1994,Musée national d'art moderne / Centre de création industrielle,Paris,90321E,Oui,Sans serif
113,Ronald CURCHOD,Affiche Théâtre Garonne 1995/1996,1995,Musée national d'art moderne / Centre de création industrielle,Paris,7779A8,Oui,Sans serif
114,Ronald CURCHOD,Affiche Festival de rue de Ramonville,1995,Musée national d'art moderne / Centre de création industrielle,Paris,C0C0C0,Oui,Sans serif
115,Ronald CURCHOD,Affiche Festival de rue de Ramonville,1995,Musée national d'art moderne / Centre de création industrielle,Paris,C0C0C0,Oui ,Sans serif
116,Ronald CURCHOD,Affiche L'Adret,1996,Musée national d'art moderne / Centre de création industrielle,Paris,8D90BE,Oui,Sans serif
117,Ronald CURCHOD,Affiche L'Adret,1996,Musée national d'art moderne / Centre de création industrielle,Paris,5D78A8,Non,Null
118,Ronald CURCHOD,Affiche Théâtre Garonne,1996,Musée national d'art moderne / Centre de création industrielle,Paris,757891,Oui,Sans serif
119,Ronald CURCHOD,Affiche Théâtre Garonne Saison 97'98,1997,Musée national d'art moderne / Centre de création industrielle,Paris,BDBFA7,Oui,Sans serif
120,Ronald CURCHOD,Affiche Rétrospective Ronald Curchod Affiches,1997,Musée national d'art moderne / Centre de création industrielle,Paris,A79032,Oui,Sans serif
121,Ronald CURCHOD,Affiche Théâtre Garonne,1998,Musée national d'art moderne / Centre de création industrielle,Paris,904932,Oui ,Sans serif
122,Hervé DI ROSA,Affiche pour la fête de la musique,1997,Centre national des arts plastiques/Fonds national d'art contemporain,Paris,D7A82C,Oui ,Divers
123,Hervé DI ROSA,Affiche pour la fête de la musique,1997,Centre national des arts plastiques/Fonds national d'art contemporain,Paris,F0F0F0,Oui,Divers
124,Hervé DI ROSA,Affiche pour la fête de la musique,1997,Centre national des arts plastiques/Fonds national d'art contemporain,Paris,D7A82C,Oui ,Divers
125,Hervé DI ROSA,Affiche Etude d'une affiche pour la fête de la musique du 21 juin 1997,1997,Centre national des arts plastiques/Fonds national d'art contemporain,Paris,303060,Oui,Divers
126,Pierre DI SCIULLO,Affiche Samedi 5 mai,1990,Musée national d'art moderne / Centre de création industrielle,Paris,90321E,Oui,Divers
127,Pierre DI SCIULLO,Affiche Samedi 5 mai,1990,Musée national d'art moderne / Centre de création industrielle,Paris,783118,Oui,Divers
128,Pierre DI SCIULLO,Affiche Samedi 5 mai,1990,Musée national d'art moderne / Centre de création industrielle,Paris,497939,Oui ,Divers
129,Pierre DI SCIULLO,Affiche Samedi 5 mai,1990,Musée national d'art moderne / Centre de création industrielle,,497939,Oui,Divers
130,Pierre DI SCIULLO,Affiche Les points sur les M,1994,Musée national d'art moderne / Centre de création industrielle,Paris,78A8C0,Oui ,Divers
131,Gert DUMBAR,Affiche Holland Dance Festival du 4 au 21 févreier 1998,1998,Musée national d'art moderne / Centre de création industrielle,Paris,303030,Oui, Sans serif
132,Bülent ERKMEN,Affiche Inside,1995,Musée national d'art moderne / Centre de création industrielle,Paris,F1F0F0,Oui,Sans serif
133,Bülent ERKMEN,Affiche Outside,1995,Musée national d'art moderne / Centre de création industrielle,Paris,F1F0F0,Oui,Divers
134,ERNST DIT LE DENIS,Affiche Echo raleur,1991,Musée national d'art moderne / Centre de création industrielle,Paris,D8D8C0,Oui ,Divers
135,FABRIQUE D'IMAGES,Affiche Lutte contre la souffrance,1994,Musée national d'art moderne / Centre de création industrielle,Paris,D8D8D8,Non ,Null
136,Michel FRANÇOIS,Affiche Petite fille et bouteille,1990,Musée national d'art moderne / Centre de création industrielle,Paris,181818,Non ,Null
137,Michel FRANÇOIS,Affiche Le monde et les bras,1991,Musée national d'art moderne / Centre de création industrielle,Paris,D8D8D8,Non ,Null
138,Michel FRANÇOIS,Affiche Les coudes,1991,Musée national d'art moderne / Centre de création industrielle,Paris,181818,Non ,Null
139,Michel FRANÇOIS,Affiche Le trou,1991,Musée national d'art moderne / Centre de création industrielle,Paris,A9A8A9,Non ,Null
140,Michel FRANÇOIS,Tête,1994,Frac Ile-de-France,Paris,C0C0C0,Non ,Null
141,Michel FRANÇOIS,Trou,1994,Frac Ile-de-France,Paris,909090,Non ,Null
142,Michel FRANÇOIS,Affiche La pêcheuse de coquillages,1994,Musée national d'art moderne / Centre de création industrielle,Paris,484849,Non ,Null
143,Michel FRANÇOIS,Sac,1995,Frac Ile-de-France,Paris,303030,Non ,Null
144,Michel FRANÇOIS,Affiche Les sauteurs,1995,Musée national d'art moderne / Centre de création industrielle,Paris,D8D8D8,Non ,Null
145,Michel FRANÇOIS,Affiche Octopus,1995,Musée national d'art moderne / Centre de création industrielle,Paris,F1F0F0,Non ,Null
146,Michel FRANÇOIS,Coudes,1996,Frac Ile-de-France,Paris,#000000,Non ,Null
147,Michel FRANÇOIS,Jeune fille à la Havane,1996,Frac Ile-de-France,Paris,C0C0C0,Non ,Null
148,Michel FRANÇOIS,Le monde et les bras,1996,Frac Ile-de-France,Paris,#000000,Non ,Null
149,Michel FRANÇOIS,Pêcheuse de coquillage,1996,Frac Ile-de-France,Paris,303030,Non ,Null
150,Michel FRANÇOIS,Affiche Cracheur de feu,1996,Musée national d'art moderne / Centre de création industrielle,Paris,181818,Non ,Null
151,Michel FRANÇOIS,Affiche Jeune fille à l'arrêt,1996,Musée national d'art moderne / Centre de création industrielle,Paris,303030,Non ,Null
152,Michel FRANÇOIS,Affiche Jeune fille cubaine,1996,Musée national d'art moderne / Centre de création industrielle,Paris,D8D8D8,Non ,Null
153,Michel FRANÇOIS,Affiche Le lapin sur la main,1996,Musée national d'art moderne / Centre de création industrielle,Paris,303030,Non ,Null
154,Michel FRANÇOIS,Affiche Un saut à Cuba,1996,Musée national d'art moderne / Centre de création industrielle,Paris,D8D8D8,Non ,Null
155,Michel FRANÇOIS,Affiche Le scooter,1996,Musée national d'art moderne / Centre de création industrielle,Paris,F1F0F0,Non ,Null
156,Michel FRANÇOIS,S. au revolver,1997,Frac Ile-de-France,Paris,#000000,Non ,Null
157,Michel FRANÇOIS,Affiche Femme au journal,1997,Musée national d'art moderne / Centre de création industrielle,Paris,D8D8D8,Non ,Null
158,Michel FRANÇOIS,Affiche Cactus,1997,Musée national d'art moderne / Centre de création industrielle,Paris,181818,Non ,Null
159,Michel FRANÇOIS,Affiche S. au revolver,1997,Musée national d'art moderne / Centre de création industrielle,Paris,181818,Non ,Null
160,Michel FRANÇOIS,Affiche Drapeau,1997,Musée national d'art moderne / Centre de création industrielle,Paris,C0C0C0,Non ,Null
161,Michel FRANÇOIS,Affiche Le feu dans la piscine,1997,Musée national d'art moderne / Centre de création industrielle,Paris,181818,Non ,Null
162,Michel FRANÇOIS,Saut à Cuba,1998,Frac Ile-de-France,Paris,C0C0C0,Non ,Null
163,Michel FRANÇOIS,Affiche J. au téléphone,1998,Musée national d'art moderne / Centre de création industrielle,Paris,797979,Non ,Null
164,Michel FRANÇOIS,Affiche L. à la datura,1998,Musée national d'art moderne / Centre de création industrielle,Paris,C0C0C0,Non ,Null
165,Michel FRANÇOIS,Cactus oeufs,1999,Frac Ile-de-France,Paris,181818,Non ,Null
166,Michel FRANÇOIS,Cracheur de feu,1999,Frac Ile-de-France,Paris,783118,Non ,Null
167,Michel FRANÇOIS,Drapeau,1999,Frac Ile-de-France,Paris,D8D8D8,Non ,Null
168,Michel FRANÇOIS,Femme au Journal,1999,Frac Ile-de-France,Paris,D8D8D8,Non ,Null
169,Michel FRANÇOIS,Jeune fille à l'arrêt,1999,Frac Ile-de-France,Paris,C0C0C0,Non ,Null
170,Michel FRANÇOIS,L. à l'atterrissage des avions,1999,Frac Ile-de-France,Paris,C0C0D7,Non ,Null
171,Michel FRANÇOIS,Lapin sur la main,1999,Frac Ile-de-France,Paris,D7C0A8,Non ,Null
172,Michel FRANÇOIS,S. à la guerre,1999,Frac Ile-de-France,Paris,#000000,Non ,Null
173,Michel FRANÇOIS,Sauter,1999,Frac Ile-de-France,Paris,C0C0C0,Non ,Null
174,Michel FRANÇOIS,Scooter,1999,Frac Ile-de-France,Paris,484849,Non ,Null
175,Michel FRANÇOIS,Tour,1999,Frac Ile-de-France,Paris,C0C0C0,Non ,Null
176,Michel FRANÇOIS,Affiche S. aux boules,1999,Musée national d'art moderne / Centre de création industrielle,Paris,C1A991,Non ,Null
177,Michel FRANÇOIS,Affiche S. à la guerre,1999,Musée national d'art moderne / Centre de création industrielle,Paris,181818,Non ,Null
178,Michel FRANÇOIS,Affiche L. à l'atterrissage des avions,1999,Musée national d'art moderne / Centre de création industrielle,Paris,F1F0F0,Non ,Null
179,Michel FRANÇOIS,Affiche La tour,1999,Musée national d'art moderne / Centre de création industrielle,Paris,A9A8A9,Non,Null
180,Malcolm GARRETT,Affiche Point info,1995,Musée national d'art moderne / Centre de création industrielle,Paris,A9A8A9,Oui,Serif
181,"GHAZEL (Ghazal RAPDAY, dite)",Urgent,1997 - 2007,Musée National de l'Histoire de l'Immigration,Paris,FFFFFF,Non ,Null
182,GRAPPA DESIGN,Affiche Les pavés,1995,Musée national d'art moderne / Centre de création industrielle,Paris,313048,Oui,Sans serif
183,GRAPUS,Affiche L'Univers de Borgès Amériques latines du 12 novembre 1992 au 1er février 1993,1992,Musée national d'art moderne / Centre de création industrielle,Paris,F1F0F0,Oui,Serif
184,GRAPUS,Affiche Meubles d'en France,1995,Musée national d'art moderne / Centre de création industrielle,Paris,20245B,Oui,Serif
185,Melle HAMMER,Affiche Visage écrasé,1995,Musée national d'art moderne / Centre de création industrielle,Paris,A8782E,Oui,Serif
186,HEINE/LENZ/ZIZKA,Affiche Stéréo,1995,Musée national d'art moderne / Centre de création industrielle,Paris,181818,Oui,Sans serif
187,Thomas HIRSCHHORN,Affiche Pour un avenir au futur,1991,Musée national d'art moderne / Centre de création industrielle,Paris,F1F0F0,Oui,Serif
188,INTÉGRAL RUEDI BAUR ET ASSOCIÉS,Identité graphique pour la Célébration de l'an 2000,1997,Centre national des arts plastiques/Fonds national d'art contemporain,Paris,303030,Oui,Serif
189,Werner JEKER,Affiche En ligne,1995,Musée national d'art moderne / Centre de création industrielle,Paris,181818,Oui,Sans serif
190,Pierre JOSEPH,Affiche Recherches d'histoires...,1996,Centre national des arts plastiques/Fonds national d'art contemporain,Paris,D8C0C0,Oui,Divers
191,Gitte KATH,"Affiche Observatoire international des prisons, les portemanteaux",1995,Musée national d'art moderne / Centre de création industrielle,Paris,909047,Oui,Divers
192,L'ATELIER DES ARPÈTES,Affiche Sens de la vie,1994,Musée national d'art moderne / Centre de création industrielle,Paris,D8D8D8,Oui,Divers
193,L'ATELIER DES ARPÈTES,Affiche Sens des affaires,1994,Musée national d'art moderne / Centre de création industrielle,Paris,D8D8D8,Oui,Sans serif
194,"Alain LE QUERNEC, Sébastien Morin",Affiche Rub'n'ruz,1996,Musée national d'art moderne / Centre de création industrielle,Paris,F1F0F0,Oui,Sans serif
195,Alain LE QUERNEC,Affiche Festival d'affiches du 5 au 27 juin 1993,1992,Musée national d'art moderne / Centre de création industrielle,Paris,A8C0C0,Oui ,Sans serif
196,Alain LE QUERNEC,Affiche Plakatmuseum,1995,Musée national d'art moderne / Centre de création industrielle,Paris,F0F0D9,Oui,Sans serif
197,Alain LE QUERNEC,Affiche pour la fête de la musique,1995,Centre national des arts plastiques/Fonds national d'art contemporain,Paris,D8D8D8,Oui,Sans serif
198,Alain LE QUERNEC,Affiche pour la fête de la musique,1995,Centre national des arts plastiques/Fonds national d'art contemporain,Paris,F1F0F0,Oui,Sans serif
199,Alain LE QUERNEC,Affiche pour la fête de la musique,1995,Centre national des arts plastiques/Fonds national d'art contemporain,Paris,F1F0F0,Non ,Null
200,Ange LECCIA,Affiche Etude pour la Célébration du premier siècle du cinéma,décembre 1994,Centre national des arts plastiques/Fonds national d'art contemporain,Paris,1A6060,Non,Null
201,LES GRAPHISTES ASSOCIÉS,Affiche ART,1992,Musée national d'art moderne / Centre de création industrielle,Paris,D8D8D8,Oui,Sans serif
202,LES GRAPHISTES ASSOCIÉS,Affiche Slash,1992,Musée national d'art moderne / Centre de création industrielle,Paris,303030,Non,Null
203,LES GRAPHISTES ASSOCIÉS,Affiche Slash,1992,Musée national d'art moderne / Centre de création industrielle,Paris,303030,Non,Null
204,LES GRAPHISTES ASSOCIÉS,Affiche Fritz Lang,1993,Musée national d'art moderne / Centre de création industrielle,Paris,#F1F0F0,Oui,Sans serif
205,LES GRAPHISTES ASSOCIÉS,Affiche Retrospective Frietz Lang,1993,Musée national d'art moderne / Centre de création industrielle,Paris,D8D8D8,Oui,Sans serif
206,LES GRAPHISTES ASSOCIÉS,Affiche Robot,1994,Musée national d'art moderne / Centre de création industrielle,Paris,A8C0C0,Oui,Sans serif
207,LES GRAPHISTES ASSOCIÉS,Affiche L'augmentation,1994,Musée national d'art moderne / Centre de création industrielle,Paris,181818,Non,Null
208,LES GRAPHISTES ASSOCIÉS,Affiche Le monde,1995,Musée national d'art moderne / Centre de création industrielle,Paris,C0C0C0,Oui,Sans serif
209,LES GRAPHISTES ASSOCIÉS,Affiche L'argent,1999,Musée national d'art moderne / Centre de création industrielle,Paris,D8D8D8,Oui,Sans serif
210,Claude LÉVÊQUE,Nous voulons en finir avec ce monde irréel,1994,Frac Normandie,Caen,1978A8,Oui,Divers
211,Claude LÉVÊQUE,Prêt à crever ?,1994,Frac Normandie,Caen,A9C0D7,Oui,Divers
212,Claude LÉVÊQUE,Rumeur,1996,Frac Normandie,Caen,303030,Oui,Sans serif
213,Claude LÉVÊQUE,Troubles,1997,Frac Normandie,Caen,313048,Oui,Sans serif
214,Claude LÉVÊQUE,Son et lumière,1998,Frac Normandie,Caen,786049,Oui,Sans serif
215,Claude LÉVÊQUE,Kollaps,1999,Frac Normandie,Caen,EE3424,Oui,Sans serif
216,Guy LIMONE,"Affiche Collection jaune, collection rouge",1996,Centre national des arts plastiques/Fonds national d'art contemporain,Paris,C0C0C0,Non,Null
217,Pippo LIONNI,Identité graphique Etude pour la Célébration de l'an 2000,1997,Centre national des arts plastiques/Fonds national d'art contemporain,Paris,F1F0F0,Oui,Sans serif
218,Uwe LOESCH,Affiche Yeux clos,1995,Musée national d'art moderne / Centre de création industrielle,Paris,181818,Oui,Divers
219,M/M,Affiche Un captif amoureux Festival d'Automne,1995,Musée national d'art moderne / Centre de création industrielle,Paris,#000000,Oui,Sans serif
220,M/M,Affiche Global Tekno,1996,Musée national d'art moderne / Centre de création industrielle,Paris,616078,Oui,Divers
221,M/M,Affiche Soir de fête,1996,Musée national d'art moderne / Centre de création industrielle,Paris,181818,Oui,Sans serif
222,M/M,"Affiche Nuit Blanche, scènes nordiques",1998,Musée national d'art moderne / Centre de création industrielle,Paris,D8D8D8,Oui,Sans serif
223,"Laurence MADRELLE, Olivier DANGLA",Affiche Mannequins,1995,Musée national d'art moderne / Centre de création industrielle,Paris,907860,Oui,Sans serif
224,"Laurence MADRELLE, LM COMMUNIQUER",Identité graphique Etude pour la Célébration de l'an 2000,mars 1997,Centre national des arts plastiques/Fonds national d'art contemporain,Paris,171730,Oui,Sans serif
225,"Laurent MALONE, Francine ZUBEIL",Affiche Attablé,1995,Musée national d'art moderne / Centre de création industrielle,Paris,303030,Oui,Sans serif
226,Vincent MICHÉA,"Affiche Observatoire international des prisons, les crânes",1995,Musée national d'art moderne / Centre de création industrielle,Paris,181818,Oui,Sans serif
227,Nathalie MINNE,Affiche Visage,1995,Musée national d'art moderne / Centre de création industrielle,Paris,#181818,Oui,Sans serif
228,Joachim MOGARRA,Affiche Les lieux de la foi,1996,Centre national des arts plastiques/Fonds national d'art contemporain,Paris,#000000,Oui,Serif
229,Jean-Luc MOULÈNE,Affiche Le démon du passage,1995,Frac Bretagne,Rennes,#484979,Non,Null
230,Jean-Luc MOULÈNE,Affiche Le démon du passage,1995,Frac Bretagne,Rennes,#BF902F,Non,Null
231,Jean-Luc MOULÈNE,Affiche Le démon du passage,1995,Frac Bretagne,Rennes,#D8D8D8,Oui,Serif
232,Jean-Luc MOULÈNE,Affiche Le démon du passage,1995,Frac Bretagne,Rennes,#A8A890,Non,Null
233,Jean-Luc MOULÈNE,Affiche Le démon du passage,1995,Frac Bretagne,Rennes,#D8D8D8,Non,Null
234,Jean-Luc MOULÈNE,Affiche Le démon du passage,1995,Frac Bretagne,Rennes,#171730,Non,Null
235,Jean-Luc MOULÈNE,Affiche Le démon du passage,1995,Frac Bretagne,Rennes,#181818,Non,Null
236,Jean-Luc MOULÈNE,"Affiche La loi II, Notre-Dame de Paris",1996,Centre national des arts plastiques/Fonds national d'art contemporain,Paris,#496060,Oui,Serif
237,Lars MÜLLER,Affiche Petit bonhomme,1995,Musée national d'art moderne / Centre de création industrielle,Paris,#181818,Oui,Sans serif
238,"Michel NAROYAN, CAPTAIN STUDIOS",Identité graphique Etude pour la Célébration de l'an 2000,1997,Centre national des arts plastiques/Fonds national d'art contemporain,Paris,#D8D8D8,Oui,Sans serif
239,"NOUS TRAVAILLONS ENSEMBLE, GRAPUS",Affiche Nord Sud,1991,Musée national d'art moderne / Centre de création industrielle,Paris,#D8D860,Oui,Sans serif
240,"NOUS TRAVAILLONS ENSEMBLE, GRAPUS",Affiche On va gagner !,1991,Musée national d'art moderne / Centre de création industrielle,Paris,#181818,Oui,Sans serif
241,NOUS TRAVAILLONS ENSEMBLE,Affiche La France me mérite-t-elle ?,1993,Musée national d'art moderne / Centre de création industrielle,Paris,#D8D8D8,Oui,Sans serif
242,NOUS TRAVAILLONS ENSEMBLE,Affiche Femmes et Sport,1999,Musée national d'art moderne / Centre de création industrielle,Paris,#D8D8D8,Oui,Divers
243,Muriel PARIS,Affiche Kishida,1994,Musée national d'art moderne / Centre de création industrielle,Paris,#D8D8D8,Oui,Divers
244,Gérard PARIS-CLAVEL,Affiche Les Modernes,1992,Musée national d'art moderne / Centre de création industrielle,Paris,#786049,Oui,Divers
245,Gérard PARIS-CLAVEL,Affiche Zone Art,1997,Musée national d'art moderne / Centre de création industrielle,Paris,#D8D8D8,Oui,Serif
246,Gérard PARIS-CLAVEL,Affiche Zone Art,1997,Musée national d'art moderne / Centre de création industrielle,Paris,#D8D8D8,Oui,Sans serif
247,Gérard PARIS-CLAVEL,Affiche Zone Art,1997,Musée national d'art moderne / Centre de création industrielle,Paris,#D8D8D8,Oui,Sans serif
248,Gérard PARIS-CLAVEL,Affiche Zone Art,1997,Musée national d'art moderne / Centre de création industrielle,Paris,#F1F0F0,Oui,Sans serif
249,Philippe PARRENO,Etude pour la Célébration du premier siècle du cinéma,1995,Centre national des arts plastiques/Fonds national d'art contemporain,Paris,#000000,Non,Null
250,"A.R. PENCK (Ralf WINKLER, dit)","Affiche Hommage à Franck Wright, Heinbach Haus Schönblick. 14.7.90",1990,Musée d'Art moderne et contemporain de la Ville de Strasbourg,Starsbourg,#000000,Oui,Divers
251,"A.R. PENCK (Ralf WINKLER, dit)",Affiche Kammermusiksaal Matthai Kirchstrasse 19.12.90,1990,Musée d'Art moderne et contemporain de la Ville de Strasbourg,Starsbourg,#1B0C0C,Oui,Divers
252,"A.R. PENCK (Ralf WINKLER, dit)",Affiche Free music. Aranxchesiesrun Stadtgarten. 17.11.91,1991,Musée d'Art moderne et contemporain de la Ville de Strasbourg,Starsbourg,#F1F0F0,Oui,Sans serif
253,"A.R. PENCK (Ralf WINKLER, dit)",Affiche Free music. Kammermusiksaal Matthaikirchstr. 11.1.92,1992,Musée d'Art moderne et contemporain de la Ville de Strasbourg,Starsbourg,#D83327,Oui,Divers
254,"A.R. PENCK (Ralf WINKLER, dit)","Affiche Ar. Penck in Baden-Baden. Konzert. Pavillon Alter Bahnhof, 15.8.92",1992,Musée d'Art moderne et contemporain de la Ville de Strasbourg,Starsbourg,#F1F0F0,Oui,Divers
255,"A.R. PENCK (Ralf WINKLER, dit)","Affiche Konzert Ar. Penck, Hachmeister Galerie Münster Klosterstr. 12, 9.10.92",1992,Musée d'Art moderne et contemporain de la Ville de Strasbourg,Starsbourg,#F1F0F0,Oui,Sans serif
256,"PERET (Pedro TORRENT, dit)",Affiche Croix rouge,1995,Musée national d'art moderne / Centre de création industrielle,Paris,#D7C0A8,Oui,Serif
257,Ernest PIGNON-ERNEST,"Etude pour une affiche ""Les années Rimbaud""",1991,Centre national des arts plastiques/Fonds national d'art contemporain,Paris,#909079,Non,Null
258,PLAN FIXE,Affiche Double texture,1995,Musée national d'art moderne / Centre de création industrielle,Paris,#D8D8D8,Non,Null
259,Eric POITEVIN,Affiche Sans titre,1996,Centre national des arts plastiques/Fonds national d'art contemporain,Paris,#909090,Non,Null
260,Michel QUAREZ,Affiche Salon international de l'Architecture,1990,Musée national d'art moderne / Centre de création industrielle,Paris,#6078A9,Oui,Sans serif
261,Michel QUAREZ,Affiche Salon international de l'architecture,1992,Musée national d'art moderne / Centre de création industrielle,Paris,#493078,Oui,Sans serif
262,Michel QUAREZ,Affiche Faites de la musique,1994,Musée national d'art moderne / Centre de création industrielle,Paris,#484831,Oui,Sans serif
263,Michel QUAREZ,Affiche Bonjour voisin !,1994,Musée national d'art moderne / Centre de création industrielle,Paris,#487848,Oui,Divers
264,Michel QUAREZ,Affiche pour la fête de la musique,1994,Centre national des arts plastiques/Fonds national d'art contemporain,Paris,#904830,Oui,Divers
265,Michel QUAREZ,Affiche pour la fête de la musique,1994,Centre national des arts plastiques/Fonds national d'art contemporain,Paris,#D8D8D8,Oui,Divers
266,Michel QUAREZ,Affiche Festival du Livre,1995,Musée national d'art moderne / Centre de création industrielle,Paris,#487848,Oui,Divers
267,Michel QUAREZ,Affiche Denise (fond orange),1995,Musée national d'art moderne / Centre de création industrielle,Paris,#C0A860,Oui,Divers
268,Michel QUAREZ,Affiche Denise (fond vert),1995,Musée national d'art moderne / Centre de création industrielle,Paris,#78A890,Oui,Divers
269,Michel QUAREZ,Affiche Denise (fond violet),1995,Musée national d'art moderne / Centre de création industrielle,Paris,#606091,Oui,Divers
270,Michel QUAREZ,"Affiche Graphisme dans la rue, Ville de Fontenay-sous-Bois",1996,Musée national d'art moderne / Centre de création industrielle,Paris,#0C4978,Non,Null
271,Michel QUAREZ,Affiche 14 juillet,1996,Musée national d'art moderne / Centre de création industrielle,Paris,#EF3936,Oui,Divers
272,Michel QUAREZ,Affiche La baleine,1996,Musée national d'art moderne / Centre de création industrielle,Paris,#304890,Oui,Divers
273,Michel QUAREZ,"Affiche Graphisme dans la rue, ville de Fontenay-sous-Bois",1996,Musée national d'art moderne / Centre de création industrielle,Paris,#18498F,Non,Null
274,Michel QUAREZ,Affiche Ateliers ouverts 96,1996,Musée national d'art moderne / Centre de création industrielle,Paris,#D86030,Oui,Sans serif
275,Michel QUAREZ,Affiche Chaumont jeux de lettres,1997,Musée national d'art moderne / Centre de création industrielle,Paris,#4861A8,Oui,Sans serif
276,Michel QUAREZ,Affiche Janvier 98 à Saint-Denis,1998,Musée national d'art moderne / Centre de création industrielle,Paris,#C0A8A8,Oui,Sans serif
277,Michel QUAREZ,Affiche Fête des tulipes,1998,Musée national d'art moderne / Centre de création industrielle,Paris,#489047,Oui,Sans serif
278,Michel QUAREZ,Affiche Bonne année 1999,1999,Musée national d'art moderne / Centre de création industrielle,Paris,#474991,Oui,Sans serif
279,Michel QUAREZ,Affiche Quarez affiches etc.,1999,Musée national d'art moderne / Centre de création industrielle,Paris,#A94830,Oui ,Sans serif
280,Gunter RAMBOW,Affiche Cœur,1995,Musée national d'art moderne / Centre de création industrielle,Paris,#78491D,Oui,Sans serif
281,Gunter RAMBOW,Affiche Orpheus Eurydike,1998,Musée national d'art moderne / Centre de création industrielle,Paris,#484849,Oui,Serif
282,Paul RAND,Identité graphique Details are not details,1990,Musée national d'art moderne / Centre de création industrielle,Paris,#D8D8D8,Oui,Serif
283,Paul RAND,Identité graphique Bodoni Manual,1990,Musée national d'art moderne / Centre de création industrielle,Paris,#484849,Oui,Serif
284,Paul RAND,Identité graphique IBM-Quality,1990,Musée national d'art moderne / Centre de création industrielle,Paris,#606060,Oui,Sans serif 
285,Paul RAND,Affiche IBM 75,1990,Musée national d'art moderne / Centre de création industrielle,Paris,#181818,Oui,Sans serif 
286,Paul RAND,Affiche IBM S/390 A New Era Begins,1990,Musée national d'art moderne / Centre de création industrielle,Paris,#181818,Oui,Sans serif
287,Paul RAND,Packaging IBM PS/2 Color Display 8513,1990,Musée national d'art moderne / Centre de création industrielle,Paris,#A87847,Oui,Serif
288,Paul RAND,Identité graphique Rapport annuel IBM,1991,Musée national d'art moderne / Centre de création industrielle,Paris,#F1F0F0,Oui,serif
289,Ernst ROCH,Affiche Trois portraits,1995,Musée national d'art moderne / Centre de création industrielle,Paris,#181818,Oui,Sans serif
290,Eric RONDEPIERRE,Vos Yeux n'ont jamais vu. La vie est belle,1996,Centre national des arts plastiques/Fonds national d'art contemporain,Paris,#A9A8A9,Non,Null
291,Georges ROUSSE,Affiche Sans titre,1996,Centre national des arts plastiques/Fonds national d'art contemporain,Paris,#C0905F,Oui,Divers
292,Jean-Jacques RULLIER,Affiche A qui aurez-vous le plus souvent à faire ?,1996,Centre national des arts plastiques/Fonds national d'art contemporain,Paris,#F1F0F0,Oui,Sans serif
293,Allen RUPPERSBERG,Poster Objects,1991,Frac Poitou-Charentes,Angoulême,#F1F0F0,Oui,Sans serif
294,Graciela SACCO,Affiche Bocanada,1994 / 1995,49 Nord 6 Est Frac Lorraine,Metz,#1B0C0C,Non,Null
295,Graciela SACCO,Affiche Bocanada,1994 / 1995,49 Nord 6 Est Frac Lorraine,Metz,#1B0C0C,Non,Null
296,Graciela SACCO,Affiche Bocanada,1994 / 1995,49 Nord 6 Est Frac Lorraine,Metz,#1B0C0C,Non,Null
297,Graciela SACCO,Affiche Bocanada,1994 / 1995,49 Nord 6 Est Frac Lorraine,Metz,#1B0C0C,Non,Null
298,Graciela SACCO,Affiche Bocanada,1994 / 1995,49 Nord 6 Est Frac Lorraine,Metz,#1B0C0C,Non,Null
299,Graciela SACCO,Affiche Bocanada,1994 / 1995,49 Nord 6 Est Frac Lorraine,Metz,#D8C0C0,Non,Null
300,Graciela SACCO,Affiche Bocanada,1994 / 1995,49 Nord 6 Est Frac Lorraine,Metz,#1B0C0C,Non,Null
301,Graciela SACCO,Affiche Bocanada,1994 / 1995,49 Nord 6 Est Frac Lorraine,Metz,#1B0C0C,Non,Null
302,Graciela SACCO,Affiche Bocanada,1994 / 1995,49 Nord 6 Est Frac Lorraine,Metz,#1B0C0C,Non,Null
303,Graciela SACCO,Affiche Bocanada,1994 / 1995,49 Nord 6 Est Frac Lorraine,Metz,#2F1C0E,Non,Null
304,Graciela SACCO,Affiche Bocanada,1994 / 1995,49 Nord 6 Est Frac Lorraine,Metz,#1B0C0C,Non,Null
305,Graciela SACCO,Affiche Bocanada,1994 / 1995,49 Nord 6 Est Frac Lorraine,Metz,#1D1D10,Non,Null
306,"SAVIGNAC (Raymond SAVIGNAC, dit)","Affiche Festival d'affiches de Chaumont, 2 - 3 juin 1990",1990,Musée national d'art moderne / Centre de création industrielle,Paris,#D7C027,Oui,Sans serif
307,"SAVIGNAC (Raymond SAVIGNAC, dit)",Affiche Promenade litorale,1993,Musée national d'art moderne / Centre de création industrielle,Paris,#8FA7BF,Oui,Sans serif
308,SHIMABUKU,Octopus waiting for someone with a dog and a bear,1999 - 2001,Frac Ile-de-France,Paris,#C0C0C0,Oui,Sans serif
309,Bruno SOUÊTRE,Affiche Mon général,1996,Musée national d'art moderne / Centre de création industrielle,Paris,#D8D8C0,Oui,Sans serif
310,Klaus STAECK,Affiche Banane,1990,Frac-artothèque Nouvelle-Aquitaine,Limoges,#F1F0F0,Oui,Divers
311,Klaus STAECK,"Affiche Brandenburger Tor, Rückseite
(La porte de Brandburg, l'envers du décor)",1990,Frac-artothèque Nouvelle-Aquitaine,Limoges,#181818,Non,Null
312,Klaus STAECK,"Affiche Komm inst offene, Freund
(Entre dans l'ouverture, l'ami)",1991,Frac-artothèque Nouvelle-Aquitaine,Limoges,#181818,Oui,Sans serif
313,Klaus STAECK,"Affiche Nord-Süd-Gefälle
(L'écart Nord-Sud)",1991,Frac-artothèque Nouvelle-Aquitaine,Limoges,#FFFFFF,Oui,Sans serif
314,Klaus STAECK,"Affiche Arkteneinsicht
(Accès aux dossiers)",1992,Frac-artothèque Nouvelle-Aquitaine,Limoges,#181818,Oui,Serif
315,Klaus STAECK,"Affiche Geheimnisverrat
(Divulgation d'un secret d'Etat)",1992,Frac-artothèque Nouvelle-Aquitaine,Limoges,#29388A,Oui,Serif
316,Klaus STAECK,"Affiche Ich sehe fern
(Je regarde loin/je regarde la télévision)",1992,Frac-artothèque Nouvelle-Aquitaine,Limoges,#000000,Oui,Sans serif
317,Klaus STAECK,"Affiche Saubere Energie aus der Steckdose
(L'énergie propre de la prise de courant)",1992,Frac-artothèque Nouvelle-Aquitaine,Limoges,#F1F0F0,Oui,Sans serif
318,Klaus STAECK,"Affiche Kultur gegen Gewalt
(Culture contre violence)",1992,Frac-artothèque Nouvelle-Aquitaine,Limoges,#F1F0F0,Oui,Sans serif
319,Klaus STAECK,"Affiche Ich bin stolz, ein Deutscher zu sein
(Je suis fière d'être un Allemand)",1993,Frac-artothèque Nouvelle-Aquitaine,Limoges,#000000,Oui,Divers
320,Klaus STAECK,"Affiche Freizeitpark Deutschland
(Parc d'attraction Allemagne)",1993,Frac-artothèque Nouvelle-Aquitaine,Limoges,#C0A930,Oui,Divers
321,Klaus STAECK,Affiche Sarajewo,1994,Frac-artothèque Nouvelle-Aquitaine,Limoges,#181818,Oui,Sans serif
322,Klaus STAECK,Affiche Coca-Cola,1994,Frac-artothèque Nouvelle-Aquitaine,Limoges,#000000,Oui,Divers
323,Klaus STAECK,"Affiche Tendenz steigend
(Tendance à la hausse)",1995,Frac-artothèque Nouvelle-Aquitaine,Limoges,#000000,Oui,Divers
324,Klaus STAECK,"Affiche Die selbstbewusste Nation
(La nation sûre d'elle-même)",1995,Frac-artothèque Nouvelle-Aquitaine,Limoges,#000000,Oui,Divers
325,Klaus STAECK,"Affiche Uniwersität
(L'Allemagne comme lieu d'implantation d'industries)",1996,Frac-artothèque Nouvelle-Aquitaine,Limoges,#1A301B,Oui,Sans serif
326,Klaus STAECK,"Affiche Der grosse Lauschangriff
(Les grandes écoutes sauvages)",1996,Frac-artothèque Nouvelle-Aquitaine,Limoges,#ED1F24,Oui,Serif
327,Klaus STAECK,"Affiche Uniwersität
(Université)",1997,Frac-artothèque Nouvelle-Aquitaine,Limoges,#602160,Oui,Sans serif
328,Klaus STAECK,"Affiche Zugang zum Infohighway
(Accès à l'autoroute de l'information)",1997,Frac-artothèque Nouvelle-Aquitaine,Limoges,#181818,Oui,Sans serif
329,Klaus STAECK,"Affiche Öffentliches Streichkonzert
(Concert public d'instrument à cordes)",1997,Frac-artothèque Nouvelle-Aquitaine,Limoges,#303030,Oui,Divers
330,Klaus STAECK,Affiche Eurovision,1998,Frac-artothèque Nouvelle-Aquitaine,Limoges,#000000,Oui,Sans serif
331,Stéphane STEINER,Affiche Witche's Valley Saloon,1995 - 2003,Frac Corse,Corte,#C0C0A8,Non,Null
332,SUPERFLEX,Affiche Superflex Meeting,9 septembre 1994,Frac Ile-de-France,Paris,#C1A991,Oui,Sans serif
333,SUPERFLEX,Affiche Superflex Music,1996,Frac Ile-de-France,Paris,#A87860,Oui,Sans serif
334,SUPERFLEX,Affiche Biogas - don't Waste Waste,1996,Frac Ile-de-France,Paris,#C0C0C0,Oui,Sans serif
335,SUPERFLEX,Affiche Superchannel,1999,Frac Ile-de-France,Paris,#F06048,Oui,Sans serif
336,"Ikko TANAKA (Kazuaki TANAKA, dit)",Graphic Design Today,1990,Centre national des arts plastiques/Fonds national d'art contemporain,Paris,#D8D8C0,Oui,Sans serif
337,David TARTAKOVER,Affiche Peace,1992,Musée national d'art moderne / Centre de création industrielle,Paris,#D8D8D8,Oui,Sans serif
338,TATUM,Affiche Res publica,1992,Musée national d'art moderne / Centre de création industrielle,Paris,#A86048,Oui,Sans serif
339,THÉRÈSE TROÏKA,Identité graphique Etude pour la Célébration de l'an 2000,1997,Centre national des arts plastiques/Fonds national d'art contemporain,Paris,#A86048,Oui,Serif
340,THONIK,"Affiche Centraal Museum, Open",1999,Musée national d'art moderne / Centre de création industrielle,Paris,#C0A8A8,Oui,Sans serif
341,THONIK,Affiche Centraal Museum Open,1999,Musée national d'art moderne / Centre de création industrielle,Paris,#303030,Oui,Sans serif
342,TOMATO,Affiche Body,1995,Musée national d'art moderne / Centre de création industrielle,Paris,#F1F0F0,Oui,Serif
343,"Tomi UNGERER (Jean Thomas UNGERER, dit)",L’école des loisirs,vers 1990,Musée Tomi Ungerer - Centre international de l'illustration,Strasbourg,#D8D8A9,Oui,Divers
344,"Tomi UNGERER (Jean Thomas UNGERER, dit)",L'école des loisirs,vers 1990,Musée Tomi Ungerer - Centre international de l'illustration,Strasbourg,#000000,Oui,Divers
345,"Tomi UNGERER (Jean Thomas UNGERER, dit)",Affiche,vers 1990,Musée Tomi Ungerer - Centre international de l'illustration,Strasbourg,#303018,Oui,Divers
346,"Tomi UNGERER (Jean Thomas UNGERER, dit)",Jedes diogenes Buch ist eine Reise,1991,Musée Tomi Ungerer - Centre international de l'illustration,Strasbourg,#181818,Oui,Sans serif
347,"Tomi UNGERER (Jean Thomas UNGERER, dit)",Jedes Diogenes Buch ist eine Reise,1991,Musée Tomi Ungerer - Centre international de l'illustration,Strasbourg,#F0D8D7,Oui,Sans serif
348,Thierry URBAIN,"Affiche Babylone, le troisième palais de Naram-Sin",1996,Centre national des arts plastiques/Fonds national d'art contemporain,Paris,#000000,Non,Null
349,"Fabienne VERDIER (Fabienne BAIZEAU, dite)",Etude d'une affiche pour le Festival d'Avignon,1998,Centre national des arts plastiques/Fonds national d'art contemporain,Paris,#2F1818,Oui,Sans serif
350,VISUEL DESIGN JEAN WIDMER,Affiche Design automobile,1990,Musée national d'art moderne / Centre de création industrielle,Paris,#C02026,Oui,Divers
351,VISUEL DESIGN JEAN WIDMER,Affiche Londres : images et objets du nouveau design,1990,Musée national d'art moderne / Centre de création industrielle,Paris,#303030,Oui,Divers
352,VISUEL DESIGN JEAN WIDMER,Affiche Design finlandais,1990,Musée national d'art moderne / Centre de création industrielle,Paris,#C0C0D7,Oui,Divers
353,VISUEL DESIGN JEAN WIDMER,Affiche Alvaro Siza. Architecture 1980-1990,1990,Musée national d'art moderne / Centre de création industrielle,Paris,#C0C0C0,Oui ,Divers
354,VISUEL DESIGN JEAN WIDMER,Affiche Raymond Loewy : un pionnier du design américain,1990,Musée national d'art moderne / Centre de création industrielle,Paris,#FED800,Oui,Divers
355,VISUEL DESIGN JEAN WIDMER,Affiche Jean Prouvé constructeur,1990,Musée national d'art moderne / Centre de création industrielle,Paris,#181818,oui,Divers
356,VISUEL DESIGN JEAN WIDMER,Affiches de pub à Tokyo,1990,Musée national d'art moderne / Centre de création industrielle,Paris,#000000,Oui,Divers
357,VISUEL DESIGN JEAN WIDMER,"Affiche Josep Maria Jujol, architecte 1879-1949",1990,Musée national d'art moderne / Centre de création industrielle,Paris,#D89046,Oui,Divers
358,VISUEL DESIGN JEAN WIDMER,"Affiche Capitales européennes du nouveau design, Düsseldorf, Barcelone, Paris, Milan",1991,Musée national d'art moderne / Centre de création industrielle,Paris,#2F1818,Oui,Divers
359,VISUEL DESIGN JEAN WIDMER,"Affiche Aldo Rossi par Aldo Rossi, architecte",1991,Musée national d'art moderne / Centre de création industrielle,Paris,#D8D8D8,Oui,Serif
360,VISUEL DESIGN JEAN WIDMER,Affiche Marcel Lods 1891-1978 : photographies d'architecte,1991,Musée national d'art moderne / Centre de création industrielle,Paris,#181818,Oui,Divers
361,VISUEL DESIGN JEAN WIDMER,Affiche Robert Wilson Mr Bojangles,1991,Musée national d'art moderne / Centre de création industrielle,Paris,#181818,Oui,Divers
362,VISUEL DESIGN JEAN WIDMER,Jeu de paume Dubuffet,1991,Musée national d'art moderne / Centre de création industrielle,Paris,#181818,Oui,Divers
363,VISUEL DESIGN JEAN WIDMER,Franck O Gehry,1991,Musée national d'art moderne / Centre de création industrielle,Paris,#181818,Oui,Sans serif
364,VISUEL DESIGN JEAN WIDMER,Affiche Dubuffet,1991,Musée national d'art moderne / Centre de création industrielle,Paris,#181818,Oui,Sans serif
365,VISUEL DESIGN JEAN WIDMER,"Affiche Louis  I. Kahn, le monde de l'architecte",1992,Musée national d'art moderne / Centre de création industrielle,Paris,#F1F0F0,Oui,Divers
366,VISUEL DESIGN JEAN WIDMER,"Affiche Cubismes Tchèques Architecture, design, arts plastiques",1992,Musée national d'art moderne / Centre de création industrielle,Paris,#303030,Oui,Divers
367,VISUEL DESIGN JEAN WIDMER,Construire le ciel Coop Himmelblau,1992,Musée national d'art moderne / Centre de création industrielle,Paris,#A9D8F0,Oui,Divers
368,VISUEL DESIGN JEAN WIDMER,Affiche Manifeste 30 ans de création en perspective 1960-1990,1992,Musée national d'art moderne / Centre de création industrielle,Paris,#D8D8D8,Oui,Divers
369,VISUEL DESIGN JEAN WIDMER,Affiche Manifeste 30 ans de création en perspective 1960-1990,1992,Musée national d'art moderne / Centre de création industrielle,Paris,#D8D8D8,Oui,Divers
370,VISUEL DESIGN JEAN WIDMER,Affiche Ecrans hongrois,1992,Musée national d'art moderne / Centre de création industrielle,Paris,#2F1818,Oui,Sans serif
371,VISUEL DESIGN JEAN WIDMER,Tadao Ando,1993,Musée national d'art moderne / Centre de création industrielle,Paris,#797979,Oui,Divers
372,VISUEL DESIGN JEAN WIDMER,Affiche Takis,1993,Musée national d'art moderne / Centre de création industrielle,Paris,#909090,Oui,Sans serif
373,VISUEL DESIGN JEAN WIDMER,Visions Urbaines La ville,1994,Musée national d'art moderne / Centre de création industrielle,Paris,#616078,Oui,Divers
374,VISUEL DESIGN JEAN WIDMER,Identité graphique Etude pour la Célébration de l'an 2000,1997,Centre national des arts plastiques/Fonds national d'art contemporain,Paris,#D8D8D8,Oui,Sans serif
375,Brett WICKENS,Affiche Milk chocolate,1995,Musée national d'art moderne / Centre de création industrielle,Paris,#181818,Oui,Sans serif
376,Jean WIDMER,Affiche Rencontre des arts graphiques de Chaumont,1994,Musée national d'art moderne / Centre de création industrielle,Paris,#181818,Oui,Sans serif
377,William WILSON,Affiche pour la fête de la musique,1998,Centre national des arts plastiques/Fonds national d'art contemporain,Paris,#D8D8D8,Oui,Divers
378,William WILSON,Affiche pour la fête de la musique,1998,Centre national des arts plastiques/Fonds national d'art contemporain,Paris,#F1F0F0,Oui,Divers
379,William WILSON,Affiche pour la fête de la musique,1998,Centre national des arts plastiques/Fonds national d'art contemporain,Paris,#D8D8D8,Oui,Divers
380,William WILSON,Affiche Etude pour la fête de la musique,1998,Centre national des arts plastiques/Fonds national d'art contemporain,Paris,#C0C0C0,Oui,Divers
381,WOLINSKI,Affiche pour la fête de la musique,1990,Centre national des arts plastiques/Fonds national d'art contemporain,Paris,#F0F0D9,Oui,Divers
382,WOLINSKI,Affiche pour la fête de la musique,1990,Centre national des arts plastiques/Fonds national d'art contemporain,Paris,#D8D8D8,Oui,Sans serif
383,Catherine ZASK,Affiche Signes,1995,Musée national d'art moderne / Centre de création industrielle,Paris,#181818,Oui,Sans serif
384,Catherine ZASK,Affiche Impression Expression,1997,Musée national d'art moderne / Centre de création industrielle,Paris,#181818,Non,Null